,praf,pmek,plcg,PIP2,PIP3,p44/42,pakts473,PKA,PKC,P38,pjnk
0,26.4,13.2,8.82,18.3,58.8,6.61,17.0,414.0,17.0,44.9,40.0
1,35.9,16.5,12.3,16.8,8.13,18.6,32.5,352.0,3.37,16.5,61.5
2,59.4,44.1,14.6,10.2,13.0,14.9,32.5,403.0,11.4,31.9,19.5
3,73.0,82.8,23.1,13.5,1.29,5.83,11.8,528.0,13.7,28.6,23.1
4,33.7,19.8,5.19,9.73,24.8,21.1,46.1,305.0,4.66,25.7,81.3
5,18.8,3.75,17.6,22.1,10.9,11.9,25.7,610.0,13.7,49.1,57.8
6,44.9,36.5,10.4,132.0,16.3,8.66,17.9,835.0,15.0,35.9,18.1
7,47.4,15.0,14.6,30.5,17.5,20.2,45.3,466.0,6.44,24.4,20.0
8,104.0,61.5,10.6,21.1,41.8,11.5,23.5,445.0,29.2,61.0,25.3
9,21.1,21.5,1.88,205.0,43.7,13.2,135.0,213.0,14.6,26.7,101.0
10,16.4,16.4,14.5,17.0,11.2,21.9,34.6,449.0,20.4,44.9,24.1
11,74.3,22.9,7.5,15.5,26.2,20.9,36.5,389.0,31.9,71.0,35.5
12,85.1,39.6,8.9,64.9,11.7,6.67,12.2,528.0,17.9,44.1,118.0
13,36.8,29.2,5.0,9.06,15.5,17.9,17.9,400.0,14.6,41.4,151.0
14,29.2,24.1,10.2,16.0,46.6,8.82,7.23,500.0,9.73,19.1,7.91
15,50.0,13.8,11.9,13.2,11.3,18.1,27.9,392.0,56.2,77.0,1.0
16,26.2,26.7,21.3,10.9,14.7,9.06,37.9,89.0,40.0,65.5,1.42
17,39.6,38.2,10.5,92.2,22.7,27.6,31.3,223.0,16.5,30.8,7.64
18,30.5,19.8,7.5,133.0,15.7,19.1,36.2,319.0,24.1,37.2,17.2
19,49.1,16.5,13.3,141.0,25.7,31.1,62.1,710.0,14.2,27.4,22.1
20,38.5,8.9,11.3,85.8,17.9,12.1,35.9,843.0,12.0,28.4,20.9
21,31.6,17.8,14.5,10.6,4.91,10.2,23.9,276.0,13.8,28.4,12.7
22,41.0,27.9,1.0,137.0,23.9,30.2,50.0,965.0,1.0,84.3,4.61
23,70.4,54.2,15.4,24.4,12.9,9.91,27.9,449.0,35.9,93.9,48.3
24,70.4,42.2,17.6,20.9,10.5,59.4,98.2,1981.0,35.9,46.1,17.8
25,21.5,1.0,8.28,181.0,43.7,18.8,38.5,644.0,13.6,29.2,7.04
26,39.2,23.1,18.6,22.1,10.6,17.8,32.2,466.0,10.5,23.3,6.98
27,69.8,20.4,19.8,18.4,6.26,10.4,25.0,500.0,22.7,48.3,59.4
28,34.9,22.3,17.2,50.0,23.1,34.3,51.4,308.0,13.2,38.9,196.0
29,40.7,24.8,13.0,62.6,38.2,5.14,14.7,673.0,28.1,41.8,23.1
30,45.7,15.7,13.2,21.3,7.5,23.9,49.1,1382.0,19.5,38.5,20.9
31,43.7,29.2,14.5,17.6,13.1,8.58,12.5,621.0,34.0,67.9,28.1
32,79.9,80.6,4.41,209.0,19.5,10.5,35.5,422.0,26.9,40.3,15.3
33,56.7,17.3,21.7,18.1,12.7,9.22,22.9,552.0,38.5,59.9,17.9
34,58.8,19.5,2.57,41.4,2.21,19.1,33.7,325.0,22.9,31.9,20.7
35,53.8,12.7,10.9,12.4,30.8,20.2,37.9,403.0,22.5,38.5,20.9
36,58.3,23.1,18.9,79.1,24.4,36.2,48.7,429.0,14.7,28.9,12.6
37,160.0,28.1,7.1,115.0,16.1,4.96,12.4,1241.0,2.46,31.3,83.5
38,45.3,9.39,12.2,53.8,27.6,4.29,27.6,599.0,38.2,80.6,139.0
39,54.7,28.4,8.35,9.39,20.7,38.5,59.9,898.0,12.7,23.7,13.5
40,85.1,26.9,25.3,47.8,22.9,13.6,14.2,396.0,4.74,8.98,43.3
41,109.0,43.7,9.47,343.0,60.4,27.1,42.6,319.0,14.9,37.9,17.8
42,25.7,15.3,1.0,120.0,23.7,2.69,18.9,10.2,4.96,40.3,221.0
43,50.5,28.1,27.6,28.9,13.8,14.7,24.8,382.0,15.3,20.0,7.7
44,69.2,17.8,17.8,62.1,23.1,2.71,13.3,562.0,4.45,20.0,105.0
45,62.6,19.3,8.51,20.9,39.2,4.49,24.8,474.0,23.5,48.7,22.5
46,67.9,43.7,11.4,19.3,15.8,17.8,38.5,1433.0,31.9,66.7,40.0
47,75.0,57.8,4.91,15.4,24.6,21.9,36.2,233.0,21.3,46.1,17.0
48,50.9,42.2,7.57,122.0,48.3,6.26,36.2,1027.0,12.5,32.8,108.0
49,79.9,20.4,24.1,22.5,20.0,8.82,24.1,466.0,19.1,34.9,6.15
50,62.6,21.7,21.9,22.1,3.82,39.2,75.7,1310.0,8.74,22.7,11.7
51,50.9,25.3,6.38,76.4,17.2,9.06,15.4,673.0,4.66,26.9,173.0
52,75.0,30.5,13.6,51.4,42.2,25.3,35.5,466.0,20.4,43.7,10.1
53,59.4,25.3,11.7,20.7,27.9,3.62,12.4,29.7,17.2,32.5,10.5
54,181.0,37.9,1.0,292.0,49.6,6.38,13.1,573.0,20.9,38.2,17.6
55,69.8,33.1,12.7,67.3,1.91,4.07,27.1,973.0,85.8,121.0,32.5
56,57.3,19.1,11.1,42.2,6.61,5.83,13.5,547.0,44.9,80.6,71.7
57,82.8,30.5,13.9,18.6,6.92,23.5,37.5,418.0,6.55,16.7,95.6
58,35.5,24.6,15.7,35.5,11.9,21.9,45.7,322.0,6.79,23.3,11.9
59,80.6,27.9,17.9,42.6,17.3,2.84,20.7,188.0,20.7,33.1,17.5
60,113.0,45.7,10.8,154.0,58.3,13.1,21.5,337.0,5.47,20.0,9.39
61,8.9,10.1,10.3,89.0,29.4,181.0,355.0,1731.0,24.1,42.2,20.7
62,35.2,14.1,7.1,20.2,32.2,12.9,22.5,583.0,37.5,47.4,9.47
63,24.1,12.3,12.7,62.6,26.7,9.14,16.5,547.0,25.7,59.9,80.6
64,164.0,33.1,5.78,28.6,13.7,16.3,24.1,319.0,22.5,35.5,12.4
65,57.8,27.1,15.5,57.3,19.5,25.9,34.6,382.0,3.05,27.1,78.4
66,90.6,27.4,40.0,97.3,71.0,10.9,18.9,429.0,4.45,42.9,80.6
67,38.5,12.7,4.37,22.7,23.7,4.22,10.8,578.0,1.86,7.37,3.43
68,51.4,36.8,12.7,40.3,21.7,12.7,25.9,667.0,2.5,14.9,64.9
69,26.9,15.1,18.6,20.5,8.43,20.4,38.5,437.0,11.7,24.4,15.4
70,56.2,21.1,12.7,21.1,57.8,14.1,19.8,474.0,25.9,39.6,75.7
71,70.4,35.5,18.4,45.7,47.8,18.8,31.6,418.0,10.0,22.3,6.67
72,58.8,35.2,12.2,16.5,24.1,18.4,33.7,362.0,16.3,19.8,10.4
73,69.2,35.5,17.3,50.0,19.8,8.51,18.6,151.0,12.0,31.1,27.6
74,69.8,47.0,25.5,276.0,77.0,32.8,51.4,799.0,19.6,47.8,16.4
75,105.0,59.9,20.0,19.6,15.1,6.85,23.1,1065.0,1.67,48.3,4.66
76,62.1,51.9,13.6,30.2,10.6,14.3,37.9,692.0,6.49,25.0,91.4
77,75.0,33.4,1.0,31.6,1.0,19.8,27.6,505.0,18.6,31.1,7.64
78,20.4,15.1,7.99,101.0,35.9,9.14,22.9,400.0,11.7,22.7,6.85
79,47.8,19.6,17.5,33.1,82.0,17.9,35.2,956.0,22.5,43.3,20.0
80,59.9,53.3,11.8,77.7,12.9,11.1,37.9,1407.0,18.8,29.4,16.8
81,46.6,27.1,12.4,109.0,21.9,21.5,38.2,207.0,11.0,31.3,12.0
82,51.9,21.3,49.1,58.8,10.8,58.8,200.0,3051.0,15.3,39.2,15.7
83,31.9,23.9,15.1,12.7,4.61,6.73,15.0,562.0,1.0,68.5,8.2
84,93.9,27.4,67.3,138.0,30.8,28.1,46.1,906.0,2.69,6.98,71.0
85,64.9,23.3,15.3,12.6,9.06,19.6,35.2,806.0,2.37,20.0,7.91
86,153.0,123.0,12.0,34.6,63.8,8.58,26.2,470.0,1.0,12.0,9.91
87,16.7,12.4,7.04,235.0,34.9,44.9,64.9,1843.0,23.5,36.2,30.5
88,71.7,25.5,13.1,12.0,43.3,12.2,31.3,655.0,7.7,16.4,49.1
89,35.5,23.7,2.89,4.26,12.9,13.0,22.7,470.0,7.77,33.4,16.3
90,83.5,61.5,13.0,34.6,12.3,3.46,19.5,239.0,2.53,2.69,6.1
91,31.9,8.82,12.9,154.0,56.7,16.8,16.0,433.0,9.56,48.7,54.2
92,29.4,20.2,7.7,125.0,27.4,89.0,150.0,799.0,2.71,15.4,49.1
93,302.0,325.0,17.6,25.7,10.7,29.2,38.2,313.0,10.8,36.5,17.2
94,40.3,16.5,11.5,505.0,67.3,19.3,29.7,483.0,2.92,15.3,89.0
95,29.2,15.4,9.73,23.1,71.0,6.38,47.0,557.0,20.0,24.6,7.7
96,46.1,25.7,12.7,24.4,37.2,16.8,35.9,375.0,5.47,39.2,95.6
97,52.3,21.5,27.1,155.0,67.9,7.23,23.9,820.0,3.59,25.0,93.1
98,48.7,36.5,18.6,10.6,13.9,6.1,25.9,1009.0,10.2,22.7,15.3
99,85.8,82.0,120.0,325.0,79.1,6.61,10.9,723.0,12.1,21.9,5.42
100,75.7,25.9,21.5,64.4,45.3,8.28,28.4,583.0,15.7,36.8,13.7
101,58.3,21.9,14.9,18.4,30.2,5.47,17.2,982.0,16.3,21.5,15.5
102,58.8,34.9,13.3,82.8,38.2,22.5,27.9,379.0,6.55,18.4,48.7
103,112.0,27.6,28.4,67.9,30.5,10.8,16.7,403.0,17.8,29.7,7.77
104,66.7,29.2,2.39,10.9,32.2,22.9,32.2,379.0,14.3,30.8,17.6
105,39.6,23.9,6.61,137.0,20.4,22.7,38.2,313.0,16.1,20.0,10.5
106,36.5,15.5,2.55,8.35,40.0,15.8,34.6,281.0,21.3,28.6,13.9
107,38.2,25.7,32.2,59.4,138.0,24.1,36.5,331.0,38.5,67.9,16.3
108,41.8,21.3,9.39,7.91,32.5,13.3,61.0,858.0,2.81,17.3,64.4
109,62.1,18.1,24.8,113.0,25.5,17.0,34.6,604.0,4.26,13.5,72.3
110,167.0,79.1,9.65,111.0,20.2,28.4,89.0,1472.0,20.4,29.2,12.9
111,55.7,28.6,25.9,51.9,64.9,7.5,17.6,271.0,2.21,4.45,9.73
112,84.3,71.7,12.9,93.1,36.5,8.9,17.8,906.0,9.06,25.0,42.2
113,60.4,25.3,19.1,27.4,44.5,44.5,64.9,1197.0,20.9,49.6,17.5
114,57.3,21.9,38.2,38.5,81.3,5.83,12.9,274.0,16.0,21.5,14.9
115,76.4,32.8,30.0,60.4,49.6,5.47,14.3,87.4,11.1,27.4,7.43
116,96.5,119.0,15.5,71.0,13.9,19.5,32.2,500.0,50.9,75.0,26.9
117,38.5,17.8,32.2,115.0,61.0,10.6,21.3,965.0,5.0,20.4,34.9
118,66.1,46.6,7.7,19.6,75.7,15.7,17.8,519.0,12.0,13.8,14.9
119,112.0,79.1,7.37,15.0,35.9,10.6,32.2,382.0,14.9,31.1,12.0
120,47.0,22.3,12.2,73.0,24.1,3.49,11.4,340.0,5.62,13.9,93.9
121,87.4,54.7,19.6,8.58,24.8,15.8,33.1,757.0,24.6,40.7,25.0
122,57.8,19.1,22.9,19.1,11.3,18.8,57.3,743.0,8.66,8.35,24.4
123,92.2,31.1,18.9,22.3,34.3,13.6,29.4,385.0,7.23,17.6,7.99
124,93.1,28.9,9.56,11.4,23.1,20.4,24.8,319.0,4.14,20.2,122.0
125,107.0,36.8,16.0,38.9,29.2,18.8,28.1,276.0,1.83,25.5,97.3
126,80.6,56.7,16.1,27.6,4.03,5.28,5.88,491.0,3.52,5.57,24.4
127,44.9,25.3,1.0,158.0,12.3,14.2,26.2,514.0,6.55,16.1,33.7
128,27.4,18.8,9.65,13.2,9.73,18.6,54.7,286.0,1.88,19.8,88.2
129,31.6,25.7,24.6,35.2,25.7,14.1,25.7,284.0,20.4,28.4,48.3
130,52.3,33.4,8.13,25.5,5.73,30.5,42.9,305.0,34.9,68.5,20.4
131,71.7,27.4,8.82,18.3,23.1,14.1,27.4,649.0,3.82,20.2,53.8
132,44.5,26.9,15.5,87.4,12.5,4.53,16.0,379.0,3.68,32.5,77.0
133,74.3,27.4,16.4,22.7,2.0,6.26,15.1,457.0,13.6,24.6,6.55
134,44.1,20.2,13.9,17.8,39.2,22.3,30.2,487.0,30.5,40.0,23.7
135,42.9,22.9,17.3,17.8,21.9,13.1,36.8,710.0,12.6,24.4,65.5
136,79.1,26.4,1.19,3.96,41.4,8.06,20.4,509.0,3.68,16.0,63.2
137,89.0,30.0,44.9,47.0,7.37,52.8,97.3,2288.0,69.8,94.7,8.28
138,63.2,27.4,14.5,80.6,41.0,15.1,38.2,453.0,13.6,32.8,13.1
139,27.9,20.7,25.3,70.4,42.2,6.98,21.3,313.0,24.8,44.5,23.1
140,69.8,22.9,19.3,17.5,9.73,20.7,28.1,255.0,13.0,25.3,9.73
141,28.9,15.7,22.7,37.9,49.1,13.0,23.5,509.0,22.1,53.8,35.9
142,102.0,30.8,7.17,82.0,49.1,20.2,25.0,343.0,3.96,26.9,87.4
143,59.4,25.3,14.9,61.5,26.2,22.5,36.5,239.0,2.74,14.5,77.7
144,89.8,31.3,18.8,22.5,8.74,25.0,37.5,426.0,29.7,60.4,24.1
145,200.0,33.1,19.5,56.2,16.1,21.7,35.5,305.0,4.26,14.2,95.6
146,62.1,18.1,14.9,149.0,62.1,4.49,20.7,698.0,44.1,125.0,57.3
147,46.1,23.7,17.9,276.0,41.4,15.0,19.5,334.0,16.7,31.6,11.8
148,149.0,85.1,8.43,7.99,17.8,29.2,69.2,1208.0,26.4,46.6,30.0
149,8.9,15.5,7.91,153.0,16.0,40.3,61.5,1582.0,12.2,25.7,12.0
150,109.0,40.0,9.82,24.4,73.0,12.3,23.1,487.0,17.9,30.8,15.1
151,71.7,42.9,31.1,23.9,10.5,8.13,34.9,2571.0,1.0,33.4,1.01
152,68.5,24.4,16.3,47.8,13.9,5.94,17.2,649.0,18.6,38.5,17.8
153,79.9,44.1,4.45,89.8,28.1,39.2,82.8,632.0,20.4,51.4,35.9
154,85.1,34.9,1.0,325.0,23.5,44.1,86.6,799.0,23.9,41.8,16.7
155,196.0,163.0,3.85,311.0,59.9,22.9,25.3,470.0,2.15,6.61,2.81
156,38.5,17.3,25.7,26.4,10.9,29.4,42.6,322.0,23.3,37.5,19.3
157,64.4,50.9,12.7,12.4,3.11,22.5,30.0,573.0,25.0,54.7,20.9
158,97.3,22.7,17.5,101.0,31.3,19.6,25.3,352.0,13.9,36.2,9.82
159,79.1,28.4,7.3,6.73,66.7,27.4,53.3,1655.0,40.0,66.1,20.4
160,106.0,24.8,1.35,61.0,16.1,70.4,108.0,1018.0,15.4,31.9,14.2
161,76.4,30.8,8.51,141.0,12.1,19.3,34.0,297.0,6.15,29.4,118.0
162,108.0,30.8,21.5,41.0,30.8,6.61,27.4,1094.0,11.5,30.2,67.3
163,53.3,34.6,18.3,41.0,56.2,3.79,30.8,965.0,3.43,16.4,70.4
164,27.9,19.3,24.4,106.0,23.7,14.7,21.3,519.0,14.9,36.2,16.5
165,69.8,26.2,21.9,20.4,17.0,18.9,45.3,533.0,2.41,9.47,74.3
166,7.23,5.88,17.8,119.0,14.1,8.82,23.7,445.0,3.0,18.1,66.7
167,49.1,18.8,14.9,29.4,15.0,17.6,28.1,470.0,1.88,21.9,59.4
168,42.6,15.7,53.3,62.6,16.5,3.79,10.3,552.0,6.98,44.9,271.0
169,16.5,22.9,9.22,10.9,46.1,3.59,13.6,874.0,12.5,28.1,2.89
170,101.0,61.0,17.9,13.0,27.9,7.99,11.1,215.0,5.14,11.4,58.8
171,59.9,21.9,11.5,17.2,13.3,8.82,24.8,965.0,9.22,44.9,3.85
172,102.0,46.1,11.3,104.0,13.3,36.8,65.5,914.0,13.7,33.4,11.0
173,142.0,101.0,26.9,422.0,101.0,11.3,19.5,649.0,8.43,29.2,138.0
174,61.5,17.2,17.8,10.1,16.7,14.9,33.1,542.0,11.1,20.9,154.0
175,54.7,20.4,15.5,35.2,32.5,11.7,18.1,599.0,1.63,17.5,67.9
176,50.5,19.5,4.78,13.6,24.8,11.7,28.9,509.0,18.3,39.6,23.3
177,34.0,13.3,26.7,38.2,98.2,34.0,59.4,704.0,32.8,63.2,50.9
178,48.7,19.5,32.8,43.7,44.9,8.58,24.4,466.0,1.6,20.4,64.9
179,70.4,25.3,12.3,145.0,21.1,4.53,24.6,255.0,4.83,18.8,51.9
180,45.7,19.1,6.32,94.7,17.2,8.43,16.0,244.0,3.08,23.5,93.9
181,78.4,33.1,25.3,27.4,46.6,66.7,164.0,3220.0,17.8,29.7,18.3
182,17.6,11.4,32.5,94.7,117.0,23.7,36.5,355.0,9.82,23.1,18.9
183,29.4,26.4,15.1,21.5,8.13,15.4,71.7,610.0,2.07,22.1,57.3
184,63.8,21.1,7.64,38.2,50.0,4.41,13.9,461.0,20.5,31.3,13.2
185,227.0,155.0,28.6,32.8,22.3,10.8,10.1,362.0,19.6,39.2,12.1
186,64.4,29.7,13.7,33.4,8.58,7.7,23.1,1252.0,12.6,25.3,1.11
187,57.8,15.3,19.5,71.0,31.6,14.3,17.9,505.0,18.9,38.9,33.1
188,75.0,23.7,13.5,178.0,31.6,21.5,33.1,255.0,28.1,43.7,12.5
189,48.7,25.0,52.3,109.0,16.3,6.85,17.8,445.0,3.85,16.0,63.8
190,61.0,53.3,27.4,32.5,3.72,9.56,25.7,1346.0,1.42,19.6,79.9
191,96.5,46.1,16.1,15.5,31.6,3.85,22.3,5.57,6.15,32.5,73.0
192,54.7,26.2,12.5,93.9,14.9,11.5,18.6,474.0,16.4,24.1,7.3
193,118.0,39.2,66.1,75.0,14.1,4.33,11.1,562.0,18.3,36.5,13.3
194,96.5,56.2,29.7,39.2,16.1,12.2,37.9,1000.0,17.3,47.0,23.1
195,89.0,52.8,24.4,18.9,3.85,23.1,42.9,710.0,21.1,37.9,18.6
196,25.3,38.5,21.5,48.3,75.0,19.1,33.7,308.0,89.0,138.0,46.6
197,96.5,46.1,20.9,51.4,14.5,53.3,118.0,882.0,3.34,12.9,30.5
198,62.6,34.9,18.1,133.0,30.0,21.5,24.1,403.0,9.56,21.3,13.6
199,18.3,20.0,47.4,75.7,63.2,13.3,19.3,400.0,19.3,31.9,29.4
200,65.5,32.5,12.9,17.0,12.7,18.8,31.1,334.0,5.88,33.1,138.0
201,85.1,41.0,14.9,32.2,27.4,38.5,47.0,777.0,6.38,23.1,56.2
202,79.9,25.0,36.5,26.2,42.6,4.91,9.91,385.0,5.42,25.9,98.2
203,42.2,20.2,8.2,26.9,23.9,19.1,40.3,422.0,22.9,32.5,24.4
204,61.0,19.1,10.2,68.5,28.6,10.9,6.55,267.0,20.5,43.7,21.9
205,17.5,10.9,6.1,155.0,21.3,17.2,26.4,389.0,17.3,47.0,23.7
206,36.5,22.3,33.4,63.8,126.0,9.73,19.8,552.0,20.9,34.6,15.4
207,14.6,14.9,21.7,167.0,31.3,19.1,32.8,286.0,5.19,15.5,108.0
208,17.3,24.4,25.7,26.9,8.58,21.5,36.2,284.0,17.0,35.2,14.9
209,63.2,10.9,65.5,127.0,29.7,26.9,53.8,337.0,25.9,38.9,20.5
210,35.2,16.0,12.5,157.0,48.3,15.5,117.0,1499.0,28.9,46.1,10.7
211,57.3,27.6,14.5,173.0,37.2,5.57,12.4,604.0,15.8,37.2,18.8
212,24.4,15.5,15.0,114.0,15.8,16.7,30.0,1000.0,13.6,20.5,17.3
213,69.8,40.7,14.6,135.0,27.9,29.2,42.9,385.0,14.3,24.1,9.06
214,74.3,35.9,44.9,53.8,75.0,10.6,33.1,1382.0,10.6,28.9,4.26
215,101.0,35.5,16.5,88.2,16.8,49.6,72.3,730.0,17.2,32.5,17.9
216,41.4,17.2,22.1,21.1,12.7,23.9,34.3,379.0,1.0,13.2,8.66
217,82.0,66.1,11.4,17.2,32.8,5.28,12.3,158.0,25.7,63.2,31.9
218,86.6,38.2,18.8,10.3,2.48,19.5,31.3,382.0,18.8,30.5,3.49
219,14.1,7.23,20.7,155.0,13.5,17.3,86.6,195.0,20.5,38.2,15.8
220,89.8,52.3,2.81,14.5,49.1,38.2,83.5,750.0,25.5,41.0,15.0
221,97.3,41.4,27.6,178.0,48.3,11.3,27.1,528.0,3.82,14.6,68.5
222,26.9,13.7,11.0,34.9,35.5,17.5,39.2,505.0,13.9,30.2,10.2
223,89.0,21.3,13.7,20.7,15.5,3.31,13.7,407.0,1.78,1.53,55.2
224,66.1,23.9,17.6,12.6,20.0,21.7,35.9,269.0,24.4,36.5,11.3
225,129.0,53.3,25.3,382.0,87.4,7.64,8.13,305.0,6.49,40.3,87.4
226,39.2,19.3,37.5,85.8,46.1,7.23,12.1,599.0,21.9,47.0,17.8
227,25.0,18.6,4.03,12.0,36.2,29.7,41.0,346.0,5.78,11.9,26.4
228,45.7,19.3,7.17,98.2,29.7,5.33,22.9,365.0,23.3,40.0,21.1
229,62.1,20.5,25.0,57.3,12.1,14.9,21.5,422.0,1.0,89.0,1.57
230,71.0,32.5,20.2,83.5,131.0,4.83,20.5,25.3,23.9,37.5,17.8
231,50.0,31.6,6.67,11.3,14.9,14.7,113.0,181.0,17.5,28.6,9.22
232,102.0,31.6,4.41,12.9,21.7,8.58,18.3,523.0,10.1,33.4,104.0
233,63.2,24.6,11.2,16.5,3.11,6.44,17.5,542.0,3.49,9.82,4.53
234,233.0,66.1,14.5,87.4,20.4,13.3,18.4,359.0,1.0,18.9,58.8
235,38.9,24.1,18.9,36.8,17.5,42.6,80.6,1075.0,11.8,35.9,11.3
236,98.2,44.1,6.04,23.1,16.1,12.0,22.7,547.0,22.9,50.5,15.4
237,38.9,24.6,8.66,6.49,26.2,22.7,26.7,219.0,10.7,39.6,71.7
238,87.4,29.4,22.5,22.7,13.9,26.2,47.8,311.0,10.8,13.8,9.65
239,75.7,21.5,1.0,71.7,2.27,6.26,15.5,418.0,14.7,28.9,12.7
240,79.9,18.9,15.7,80.6,23.7,7.77,15.1,396.0,20.0,32.8,18.6
241,52.8,19.5,19.3,54.7,47.4,43.7,57.3,661.0,11.2,38.9,98.2
242,63.8,17.0,33.7,35.2,12.9,70.4,109.0,1358.0,9.73,25.9,91.4
243,107.0,44.9,7.99,17.6,45.7,7.84,21.1,500.0,4.53,12.4,69.8
244,59.4,18.4,17.0,76.4,16.3,31.1,59.4,667.0,18.4,51.9,18.4
245,106.0,74.3,48.7,61.5,24.8,16.0,36.2,542.0,7.7,27.9,167.0
246,71.0,40.7,11.7,16.8,14.5,7.99,16.7,655.0,24.8,43.3,14.3
247,21.5,13.1,23.7,24.4,17.0,4.29,11.1,392.0,12.3,27.9,29.2
248,149.0,51.4,33.7,120.0,31.6,29.4,54.2,1762.0,19.1,26.7,8.9
249,25.9,12.3,17.8,112.0,18.1,17.9,36.5,346.0,5.0,21.1,57.3
250,64.4,48.3,12.3,30.0,35.2,13.3,34.9,349.0,13.7,31.1,16.1
251,36.2,11.3,15.5,16.4,37.9,15.3,22.9,414.0,4.14,10.4,68.5
252,51.9,26.7,12.9,44.5,4.49,30.2,50.0,302.0,17.9,22.3,10.3
253,21.7,7.57,9.65,308.0,38.2,11.8,29.4,355.0,8.13,17.2,89.8
254,93.9,35.9,17.6,14.3,13.0,23.5,40.0,300.0,13.2,24.6,13.0
255,56.7,20.5,13.6,88.2,30.0,24.4,32.5,414.0,25.3,41.4,16.4
256,66.1,16.1,11.0,75.0,14.3,13.2,29.2,466.0,24.8,49.6,29.2
257,27.6,17.0,11.2,99.1,50.0,29.7,50.5,1346.0,25.3,52.8,13.2
258,49.1,33.4,21.7,19.8,10.1,25.3,39.2,400.0,25.7,33.7,20.9
259,157.0,51.9,12.3,21.7,45.3,5.99,45.3,49.1,7.77,10.3,41.0
260,124.0,33.4,13.5,16.3,17.5,16.1,25.0,466.0,9.47,24.1,262.0
261,37.9,16.4,34.6,39.2,6.85,2.53,13.9,239.0,4.07,58.8,89.0
262,45.3,25.5,22.1,15.1,13.3,12.3,22.9,474.0,2.05,23.5,106.0
263,163.0,86.6,33.1,53.8,15.4,40.3,53.3,316.0,18.9,38.5,13.2
264,62.6,33.7,8.58,37.2,44.9,5.0,4.29,400.0,24.6,45.3,28.6
265,26.4,15.3,43.7,43.7,13.3,6.04,21.9,1037.0,30.8,61.0,14.2
266,52.3,29.7,13.3,85.1,88.2,11.9,32.2,1446.0,19.5,43.7,20.7
267,81.3,24.8,21.5,25.0,4.53,181.0,248.0,621.0,15.3,34.0,22.1
268,95.6,38.2,5.0,281.0,64.4,26.4,45.3,496.0,26.2,48.7,10.4
269,79.9,29.4,5.05,117.0,17.3,30.0,71.0,828.0,8.82,22.1,12.6
270,17.3,14.6,15.1,121.0,30.8,10.4,14.7,717.0,16.0,26.4,8.35
271,51.4,37.9,42.6,73.7,36.2,15.5,35.5,1219.0,1.98,17.6,77.0
272,38.5,7.3,3.13,17.0,17.5,29.4,41.8,470.0,27.4,42.9,16.0
273,52.8,53.3,3.65,13.6,42.6,36.8,62.6,1000.0,12.4,23.5,23.7
274,91.4,40.3,17.0,38.2,1.49,10.5,27.1,1009.0,29.7,50.0,33.4
275,37.9,14.2,13.3,32.8,12.1,17.9,42.9,487.0,2.11,24.8,66.7
276,55.2,18.8,7.5,32.5,13.6,55.7,97.3,2618.0,10.1,30.8,58.3
277,44.5,24.8,15.5,178.0,45.3,21.1,57.3,982.0,1.0,58.3,8.43
278,70.4,30.0,20.4,17.3,13.7,19.1,36.8,349.0,17.0,53.3,22.3
279,47.4,30.5,19.8,21.7,31.6,33.1,87.4,400.0,3.89,36.8,96.5
280,63.8,21.7,22.7,184.0,36.2,20.5,26.2,359.0,3.96,19.8,80.6
281,23.5,42.9,12.1,29.2,27.4,1.5,8.51,154.0,20.7,36.2,13.5
282,5.23,15.1,22.1,93.9,7.7,133.0,297.0,1094.0,9.39,19.6,4.14
283,14.5,15.4,1.0,117.0,3.49,16.0,29.4,457.0,20.4,48.3,16.0
284,36.8,9.47,12.2,12.6,15.8,20.0,30.0,271.0,12.1,26.2,85.8
285,97.3,25.3,17.6,12.9,17.3,6.98,9.22,352.0,12.6,23.3,20.9
286,16.3,12.1,67.3,149.0,39.6,43.3,64.4,1027.0,9.56,15.4,67.3
287,44.5,31.3,33.1,184.0,58.8,32.5,43.3,286.0,1.0,59.4,3.68
288,67.9,53.3,17.5,97.3,37.5,22.1,36.8,331.0,5.42,15.1,94.7
289,59.4,28.1,18.9,81.3,18.1,79.9,165.0,2129.0,8.58,17.0,7.57
290,25.9,17.2,21.5,24.1,36.8,15.3,32.2,313.0,9.91,18.8,9.22
291,40.0,32.8,11.3,98.2,19.5,40.0,75.7,365.0,19.3,33.7,14.7
292,60.4,24.8,17.0,337.0,60.4,12.7,25.0,496.0,9.91,20.5,9.56
293,50.5,24.6,17.0,136.0,30.0,57.8,91.4,1526.0,1.54,23.3,59.9
294,31.1,18.8,6.15,191.0,13.0,10.6,21.9,466.0,13.7,26.7,15.0
295,11.2,17.9,17.5,15.1,29.2,12.7,19.3,331.0,18.8,24.8,10.9
296,39.2,28.4,23.1,14.2,24.4,92.2,235.0,1670.0,8.06,19.3,18.4
297,72.3,27.1,18.4,37.2,25.7,7.3,23.3,1075.0,7.04,21.3,35.5
298,62.1,16.1,25.0,379.0,78.4,31.3,50.0,343.0,14.1,20.2,9.65
299,12.7,12.9,30.5,32.8,19.6,3.37,14.1,385.0,31.9,59.4,28.1
300,49.6,17.9,7.5,11.1,3.02,67.3,129.0,737.0,17.0,31.6,7.77
301,62.6,22.7,13.1,125.0,10.3,5.73,22.5,418.0,17.3,32.5,12.4
302,10.8,5.33,23.9,49.1,12.9,11.0,22.9,483.0,2.35,21.1,85.8
303,74.3,26.4,13.5,36.5,50.0,4.26,17.2,70.4,3.0,14.7,92.2
304,73.0,21.7,6.79,213.0,23.5,16.5,19.1,429.0,1.67,44.9,3.0
305,10.9,6.38,16.7,145.0,33.4,8.58,11.0,305.0,1.6,13.8,62.6
306,55.2,18.9,11.0,123.0,11.9,11.5,23.9,422.0,11.2,25.3,14.2
307,56.7,13.9,18.4,13.5,15.5,5.67,30.2,538.0,17.9,39.6,14.6
308,97.3,61.5,11.8,165.0,34.6,24.6,31.9,433.0,19.5,35.2,21.5
309,45.3,19.5,19.3,47.0,85.8,3.55,30.0,1124.0,17.5,44.5,157.0
310,45.3,16.5,17.0,89.8,47.0,19.5,46.1,407.0,11.1,27.6,122.0
311,248.0,271.0,17.8,34.0,38.9,21.5,38.5,449.0,2.59,35.5,3.75
312,58.3,34.0,19.8,164.0,35.9,20.5,33.4,313.0,14.1,32.2,13.9
313,112.0,46.1,10.8,133.0,9.22,4.1,10.8,552.0,26.9,53.8,25.9
314,16.0,15.0,17.9,153.0,35.2,12.9,35.5,457.0,11.2,25.7,1.19
315,67.3,31.6,26.7,13.5,17.2,31.1,50.5,294.0,16.1,35.9,1.0
316,39.2,15.8,16.5,22.9,17.3,11.0,28.9,311.0,3.75,7.91,8.35
317,68.5,24.4,20.7,63.8,26.2,27.1,33.1,392.0,2.97,13.6,57.8
318,59.9,40.0,6.44,196.0,25.9,95.6,143.0,1700.0,16.8,47.4,16.7
319,88.2,67.3,36.5,58.8,119.0,12.7,36.2,429.0,38.2,136.0,55.7
320,13.1,11.2,42.2,154.0,64.4,21.1,34.9,239.0,5.38,17.2,73.7
321,99.1,50.5,14.6,76.4,30.0,3.92,12.0,343.0,13.6,29.4,12.0
322,53.3,18.6,22.7,55.7,21.1,17.6,17.2,449.0,29.2,44.1,21.9
323,137.0,50.0,8.28,29.2,14.5,6.98,17.9,281.0,4.18,23.5,123.0
324,44.5,19.8,19.8,89.8,47.8,3.92,18.9,661.0,4.29,21.7,126.0
325,255.0,85.8,20.0,73.0,34.9,7.23,17.0,322.0,12.7,21.1,26.2
326,55.2,25.0,31.3,98.2,35.2,3.0,6.04,27.6,5.57,18.1,7.43
327,74.3,34.6,13.9,17.2,10.8,9.31,32.5,1286.0,36.5,73.0,33.7
328,117.0,49.1,1.0,396.0,33.1,12.2,27.9,547.0,2.39,22.1,98.2
329,44.5,26.4,13.2,69.8,13.0,15.8,19.3,231.0,35.5,54.7,27.4
330,87.4,54.7,20.5,176.0,33.7,10.3,22.3,426.0,27.1,27.4,1.73
331,32.2,14.9,13.7,12.9,15.5,9.06,21.5,528.0,9.91,23.3,95.6
332,37.2,14.5,26.9,17.3,13.2,24.1,31.6,300.0,12.2,34.3,18.4
333,50.9,24.4,68.5,137.0,50.9,22.7,40.3,496.0,42.6,74.3,200.0
334,29.4,20.4,35.2,33.1,38.9,26.7,47.0,340.0,32.8,53.8,19.1
335,48.3,7.43,15.5,110.0,48.7,3.79,17.0,483.0,7.04,31.3,92.2
336,64.9,34.9,5.94,11.3,26.2,68.5,106.0,615.0,15.1,40.3,26.9
337,32.8,23.9,23.7,18.8,5.83,33.4,55.2,806.0,15.3,37.2,21.5
338,26.4,17.0,51.9,47.8,8.2,22.9,37.9,257.0,50.9,71.7,27.9
339,69.8,34.0,24.1,71.7,17.6,13.2,24.6,264.0,18.1,41.4,23.5
340,45.7,18.3,8.66,18.4,64.4,10.6,14.9,429.0,16.1,25.9,10.5
341,131.0,37.2,19.1,97.3,30.2,24.1,29.4,313.0,16.0,19.1,18.4
342,106.0,38.2,9.14,24.1,32.2,18.3,30.5,685.0,12.1,28.1,19.6
343,68.5,28.1,16.4,145.0,16.5,10.7,23.7,573.0,4.18,30.8,59.9
344,59.4,26.7,10.1,83.5,1.64,6.79,21.5,346.0,4.18,23.3,33.7
345,47.0,17.0,42.2,71.0,44.5,10.8,57.3,538.0,26.9,50.0,15.3
346,56.7,35.9,9.14,30.8,15.4,37.9,105.0,1625.0,21.7,30.5,19.8
347,28.4,12.6,21.1,31.3,45.3,36.2,60.4,835.0,4.18,15.8,90.6
348,35.2,19.1,28.6,66.1,60.4,2.71,21.1,599.0,3.19,14.3,90.6
349,47.0,24.1,17.8,257.0,75.7,7.77,29.2,956.0,10.8,30.5,11.5
350,63.2,18.9,20.5,15.4,9.31,21.1,113.0,1104.0,23.7,56.2,13.3
351,62.6,21.1,6.04,209.0,24.8,5.05,18.4,583.0,2.79,12.4,8.28
352,14.2,11.7,24.8,38.9,63.2,6.1,14.2,355.0,10.7,30.2,10.6
353,53.8,20.7,16.4,15.3,1.43,12.1,18.4,509.0,9.65,53.3,217.0
354,68.5,27.6,17.5,82.0,18.6,6.85,24.1,359.0,1.1,61.5,14.1
355,119.0,64.4,10.5,53.8,28.6,8.66,33.4,2480.0,2.97,31.9,78.4
356,41.8,11.1,14.9,18.6,66.7,6.79,34.0,698.0,13.3,22.3,11.1
357,44.9,21.7,15.0,48.7,42.9,2.59,20.9,414.0,13.9,27.4,9.91
358,72.3,38.9,1.0,547.0,11.2,3.68,13.7,343.0,15.3,40.0,18.3
359,53.3,34.6,2.89,1.11,764.0,8.66,12.7,219.0,24.6,63.8,137.0
360,31.9,18.9,87.4,130.0,31.3,7.57,24.6,523.0,9.47,23.7,16.3
361,117.0,59.4,10.8,284.0,23.1,21.1,30.5,305.0,7.1,21.1,32.5
362,45.3,32.8,26.9,137.0,37.5,3.08,11.5,649.0,2.33,31.6,57.3
363,46.6,30.0,12.9,16.7,14.2,10.1,16.7,262.0,32.5,96.5,25.7
364,30.5,8.9,163.0,379.0,75.0,13.2,16.5,514.0,19.5,26.4,17.8
365,41.8,12.0,11.1,28.9,35.9,6.26,22.9,24.4,2.79,15.4,83.5
366,102.0,38.2,37.5,244.0,73.7,14.9,15.3,466.0,5.28,30.5,122.0
367,33.1,26.2,23.7,168.0,43.3,115.0,209.0,791.0,20.0,18.1,12.4
368,44.1,33.4,15.7,21.3,15.5,7.77,19.1,441.0,2.35,17.5,82.8
369,15.3,14.9,18.9,17.8,14.1,21.9,23.7,294.0,8.28,17.9,10.7
370,85.8,31.3,9.65,73.7,10.8,5.94,17.9,441.0,22.3,46.6,32.8
371,32.5,27.1,22.7,22.5,22.5,21.9,33.1,509.0,21.1,33.7,9.22
372,54.7,19.3,36.2,50.0,28.4,12.1,28.9,294.0,16.1,27.6,15.0
373,40.0,23.7,14.3,19.8,13.7,1.73,5.67,16.8,23.5,42.6,11.5
374,36.5,16.5,15.5,32.2,9.47,3.34,5.42,257.0,26.9,47.0,66.1
375,52.8,50.0,34.3,95.6,71.7,29.4,64.9,453.0,12.3,22.1,21.3
376,81.3,61.5,20.4,25.9,13.7,40.7,50.0,422.0,11.2,28.4,14.5
377,13.5,30.0,24.8,255.0,61.5,29.7,44.5,231.0,19.3,35.2,15.1
378,17.5,29.4,27.4,22.9,24.1,22.5,29.2,422.0,26.9,44.1,4.26
379,38.2,25.9,45.7,39.6,13.1,20.2,42.6,362.0,3.43,13.0,52.8
380,104.0,26.2,11.4,11.9,22.1,9.56,15.0,349.0,1.36,31.9,1.0
381,37.2,12.1,31.3,21.9,10.0,12.0,22.3,372.0,3.34,10.4,75.7
382,52.3,41.0,25.0,53.8,19.3,9.91,20.0,610.0,1.0,52.8,8.9
383,80.6,25.5,11.8,96.5,9.65,2.76,18.6,13.3,20.2,40.0,17.0
384,227.0,42.2,16.3,62.6,11.7,2.39,26.2,562.0,2.27,28.1,20.5
385,33.4,4.45,17.2,30.0,28.6,28.9,55.7,429.0,27.9,37.5,12.5
386,31.9,16.0,7.77,24.1,85.8,5.73,7.04,292.0,10.6,30.2,12.1
387,73.7,25.3,15.4,120.0,12.6,4.78,18.8,445.0,4.74,15.3,114.0
388,55.2,55.7,9.56,514.0,53.8,7.99,15.3,685.0,14.3,26.7,11.5
389,37.5,21.9,7.37,23.3,57.8,8.9,14.3,375.0,18.4,46.1,35.2
390,25.0,16.5,9.31,19.5,3.52,106.0,172.0,1715.0,11.3,22.7,16.7
391,70.4,33.1,8.2,500.0,93.1,47.8,88.2,1055.0,2.53,12.1,87.4
392,31.1,20.2,23.9,400.0,110.0,9.14,13.2,567.0,31.3,80.6,106.0
393,47.4,14.1,9.31,20.4,26.2,6.26,8.28,385.0,14.3,25.3,14.9
394,86.6,49.1,17.9,4.91,15.3,10.8,17.0,284.0,21.3,37.2,11.2
395,120.0,45.3,18.6,113.0,25.5,16.5,38.2,1114.0,16.0,31.3,6.55
396,51.4,37.9,20.0,19.3,25.7,10.5,44.5,764.0,17.5,36.8,14.3
397,27.6,26.2,18.3,64.9,44.1,21.5,30.8,1155.0,18.1,31.1,8.98
398,42.2,16.8,16.5,163.0,8.74,12.7,30.5,441.0,9.91,17.6,17.6
399,32.2,28.4,39.6,25.5,11.5,14.7,24.6,319.0,24.6,44.1,19.8
400,38.2,24.1,28.1,22.1,30.0,25.5,47.8,1186.0,25.3,53.8,39.2
401,55.7,26.9,28.6,9.47,50.0,25.0,43.3,437.0,3.85,19.6,38.2
402,47.4,25.5,15.5,35.5,3.65,14.9,18.4,737.0,4.87,15.4,76.4
403,40.7,17.2,15.1,15.5,3.62,11.7,21.1,514.0,24.4,50.0,119.0
404,10.6,14.1,28.4,17.9,12.4,17.6,25.7,365.0,4.57,12.5,40.3
405,92.2,30.2,16.7,77.0,55.7,7.91,26.9,562.0,2.69,13.3,61.5
406,33.4,12.7,21.5,48.3,22.9,22.1,29.7,276.0,3.46,11.3,24.4
407,25.7,7.84,41.4,29.4,25.5,17.6,28.6,331.0,14.5,27.6,13.8
408,63.2,32.5,22.1,292.0,35.2,4.14,8.28,164.0,13.8,27.6,1.02
409,65.5,28.9,11.9,104.0,28.6,13.6,21.9,337.0,13.3,33.4,17.5
410,51.4,59.4,42.2,178.0,66.1,5.78,22.7,514.0,9.82,18.3,4.0
411,65.5,48.3,17.9,93.1,25.3,9.31,11.9,491.0,2.86,15.7,57.3
412,13.3,20.7,18.6,147.0,35.5,69.2,110.0,1275.0,5.73,16.5,16.8
413,114.0,39.6,14.1,75.0,33.1,6.73,23.3,737.0,13.3,35.2,12.7
414,141.0,65.5,46.6,276.0,112.0,40.0,56.2,743.0,15.0,26.7,20.7
415,43.7,19.3,23.7,34.6,19.8,20.0,35.9,610.0,1.35,93.1,8.35
416,3.82,14.6,15.8,8.9,10.3,12.6,26.9,308.0,46.6,77.7,44.9
417,93.1,80.6,21.3,17.2,18.4,28.6,43.3,311.0,8.2,18.4,5.28
418,50.0,28.1,22.3,28.6,19.3,9.73,39.2,1472.0,29.7,59.9,22.7
419,89.8,17.0,20.9,85.8,29.7,1.0,3.16,248.0,16.3,28.9,19.6
420,17.2,15.1,21.3,22.1,20.0,20.9,27.9,379.0,12.7,25.9,3.4
421,43.7,26.7,23.3,78.4,43.7,11.5,12.6,483.0,11.1,31.1,9.06
422,19.1,15.5,4.37,9.91,22.3,10.8,16.3,491.0,8.51,27.9,16.4
423,195.0,60.4,32.2,11.4,44.5,4.53,13.3,28.4,15.8,25.9,20.7
424,88.2,33.7,12.0,56.2,16.7,10.0,16.3,407.0,15.5,38.5,11.1
425,92.2,37.2,22.3,146.0,19.3,19.1,37.2,325.0,14.1,27.6,16.1
426,39.6,11.9,19.3,552.0,76.4,16.5,27.4,365.0,13.6,24.6,16.1
427,93.1,36.5,9.31,349.0,38.9,11.5,19.3,355.0,8.58,12.6,23.5
428,18.3,4.1,14.5,149.0,25.0,18.9,39.6,355.0,4.74,17.5,67.3
429,63.2,22.7,10.8,106.0,36.5,57.3,93.1,1046.0,15.0,31.9,11.4
430,43.7,13.8,2.21,316.0,24.6,15.0,31.3,828.0,12.3,23.1,11.8
431,8.2,17.0,21.1,85.8,31.3,16.5,26.9,305.0,23.5,38.5,8.9
432,26.7,17.0,1.35,365.0,17.8,14.1,52.8,1700.0,10.3,20.7,13.9
433,50.5,28.1,49.1,60.4,41.8,31.6,51.9,1219.0,8.58,53.3,12.5
434,84.3,34.6,5.14,15.8,14.3,13.5,21.5,349.0,3.46,12.1,62.1
435,62.6,24.1,20.9,12.9,23.1,40.7,93.1,1794.0,4.18,12.6,93.1
436,63.8,21.7,15.4,39.2,8.9,100.0,233.0,2458.0,14.1,32.5,14.5
437,43.3,21.7,8.66,48.3,42.6,8.98,14.9,557.0,8.2,34.3,165.0
438,79.1,25.5,7.57,93.1,22.1,8.9,19.8,478.0,20.5,32.8,14.2
439,10.8,15.0,23.5,28.4,55.7,1.22,14.7,828.0,18.9,31.9,10.1
440,78.4,22.1,30.0,328.0,35.2,12.3,22.9,253.0,16.7,25.9,10.6
441,90.6,49.1,18.1,105.0,21.5,22.9,31.9,392.0,15.8,24.1,11.1
442,552.0,389.0,12.9,161.0,44.5,17.8,25.9,770.0,4.03,13.5,26.7
443,40.7,24.6,61.0,120.0,22.9,23.5,50.5,717.0,45.7,85.8,39.6
444,60.4,12.7,17.3,175.0,22.3,12.7,31.1,319.0,3.65,23.3,55.7
445,50.5,21.1,17.5,22.3,4.22,25.3,38.9,382.0,3.52,8.43,71.7
446,117.0,38.9,26.7,14.3,10.3,15.1,29.2,843.0,23.1,36.8,15.1
447,61.0,21.7,12.6,82.0,23.7,10.6,20.5,1346.0,21.7,36.2,16.4
448,92.2,42.2,14.5,32.2,37.2,4.0,17.0,334.0,11.4,29.2,70.4
449,11.0,9.31,7.43,126.0,24.1,15.5,26.2,594.0,18.9,44.1,22.7
450,170.0,86.6,29.7,179.0,47.0,29.2,43.3,331.0,4.18,23.9,93.9
451,54.2,21.9,11.7,229.0,36.5,36.2,127.0,939.0,16.8,40.0,14.9
452,18.1,23.5,40.7,91.4,53.8,14.7,28.4,552.0,4.96,41.4,292.0
453,34.9,21.7,41.4,215.0,83.5,7.23,17.6,538.0,27.6,57.3,20.4
454,179.0,164.0,15.8,45.7,11.9,17.5,30.0,730.0,17.2,25.9,17.9
455,83.5,48.7,34.0,107.0,67.9,17.6,31.1,316.0,2.05,15.0,71.7
456,89.0,31.6,54.2,79.9,26.9,4.0,58.8,523.0,5.47,21.7,54.7
457,58.8,37.9,5.67,22.3,11.2,34.9,63.8,1946.0,15.7,29.4,9.91
458,31.9,11.4,14.1,12.2,6.04,14.9,28.9,470.0,24.8,39.6,30.8
459,46.6,19.5,29.2,58.3,47.4,5.38,31.6,457.0,10.2,32.8,22.1
460,37.9,10.6,17.6,32.2,14.7,14.6,28.4,244.0,6.79,14.6,66.1
461,73.0,20.0,13.3,13.6,28.6,2.25,23.1,302.0,58.3,111.0,170.0
462,42.2,17.9,31.9,75.7,77.0,24.1,106.0,1794.0,15.4,49.6,200.0
463,87.4,57.3,24.8,110.0,40.7,24.4,27.4,359.0,12.0,20.4,6.98
464,41.0,17.0,21.1,244.0,70.4,10.4,16.8,470.0,19.6,38.5,19.6
465,50.9,35.2,22.1,22.9,3.19,3.96,12.4,115.0,32.2,49.6,18.8
466,10.8,19.3,17.8,29.4,26.9,5.19,10.8,698.0,4.74,10.1,69.8
467,77.7,48.7,20.7,21.7,18.6,11.0,33.1,400.0,13.5,22.7,14.6
468,74.3,30.5,22.1,35.5,50.9,126.0,276.0,1625.0,17.6,27.9,17.9
469,40.7,55.7,11.2,114.0,26.7,53.3,84.3,956.0,12.4,26.7,15.0
470,77.0,20.4,12.6,25.7,37.5,3.55,12.4,562.0,10.1,25.5,26.7
471,14.3,5.42,13.0,89.0,1.64,8.2,21.9,414.0,21.3,33.1,23.1
472,51.9,33.7,15.0,43.3,12.5,20.9,35.9,403.0,93.9,170.0,40.0
473,33.4,24.1,9.14,18.9,54.7,44.9,102.0,1334.0,28.9,69.2,47.0
474,75.0,46.6,2.84,457.0,37.2,6.55,19.8,389.0,20.0,31.1,11.5
475,1.61,11.4,34.3,31.3,7.04,49.6,81.3,791.0,8.51,30.8,155.0
476,53.3,21.5,6.44,253.0,23.1,9.47,26.2,334.0,3.4,27.6,79.1
477,85.1,32.2,16.8,32.5,64.4,3.02,27.9,207.0,26.4,38.9,11.8
478,50.9,28.6,25.3,56.7,38.2,29.4,60.4,717.0,9.73,19.3,14.7
479,25.9,22.9,33.4,93.9,26.7,5.57,14.9,615.0,16.1,33.7,17.5
480,85.8,62.1,53.3,325.0,239.0,12.9,24.6,403.0,10.6,14.3,12.2
481,94.7,37.5,72.3,96.5,33.1,25.5,46.6,588.0,4.7,17.2,28.4
482,40.0,18.4,24.4,63.8,35.2,6.15,16.4,81.3,15.5,27.6,15.7
483,77.0,46.1,35.2,90.6,41.0,16.1,25.9,396.0,2.0,76.4,14.3
484,28.6,22.5,40.7,204.0,66.1,20.0,29.2,239.0,1.32,36.2,1.79
485,92.2,56.2,15.3,19.1,12.7,9.14,9.39,322.0,11.1,20.0,18.9
486,14.6,11.0,8.35,175.0,32.2,8.35,25.9,965.0,23.9,35.2,5.19
487,54.2,17.9,19.8,22.1,18.8,27.1,41.8,319.0,10.9,23.9,13.2
488,29.7,18.9,3.43,14.7,23.5,2.76,9.65,276.0,1.95,79.1,4.87
489,31.1,23.9,1.0,843.0,82.8,16.4,30.2,474.0,8.06,21.7,6.61
490,75.0,21.1,39.2,33.4,2.23,18.1,28.4,302.0,19.5,36.8,12.6
491,42.9,23.1,4.14,200.0,16.7,19.1,45.3,1252.0,25.7,27.9,17.9
492,82.8,26.9,7.84,142.0,3.85,17.6,25.3,297.0,34.0,71.7,33.7
493,426.0,255.0,11.5,58.3,15.8,7.77,16.3,685.0,5.52,6.44,3.62
494,54.2,33.4,20.4,20.5,22.3,20.9,33.1,269.0,18.9,46.6,18.3
495,88.2,19.5,22.3,81.3,16.4,4.57,16.5,542.0,18.4,33.4,14.1
496,12.4,21.1,14.2,14.1,61.5,16.0,33.7,835.0,10.4,21.5,8.06
497,147.0,85.1,15.4,59.4,111.0,21.1,27.9,297.0,1.18,8.82,41.8
498,58.8,24.1,18.3,16.7,9.47,2.21,10.6,1.95,1.6,5.38,5.38
499,48.3,12.3,24.1,17.3,1.0,1.55,19.5,42.9,21.1,34.3,18.6
500,107.0,50.0,13.6,67.9,23.1,20.9,27.1,331.0,3.11,12.1,33.7
501,79.9,122.0,23.7,20.5,15.5,10.7,22.7,407.0,3.65,20.7,59.9
502,77.0,36.2,23.9,29.4,10.9,15.0,27.9,375.0,22.3,35.9,11.7
503,52.3,34.9,10.1,32.2,36.8,23.9,35.5,231.0,14.1,18.8,11.5
504,69.8,23.1,17.6,445.0,109.0,24.8,38.5,179.0,21.1,47.8,22.7
505,84.3,33.7,21.1,38.2,24.4,9.82,13.1,519.0,28.6,55.2,16.7
506,59.9,30.5,8.51,6.55,8.74,10.4,22.3,368.0,13.7,25.0,14.3
507,47.0,25.9,13.6,16.4,13.2,23.5,46.6,1241.0,18.4,35.2,22.9
508,74.3,16.5,53.3,47.8,50.9,22.3,37.5,461.0,22.1,49.1,14.2
509,8.28,19.3,18.9,161.0,35.5,26.2,44.1,191.0,17.6,38.2,20.9
510,66.1,53.8,11.1,20.5,26.9,5.19,15.7,573.0,8.9,11.4,38.5
511,47.0,23.1,18.6,28.1,18.4,11.3,30.0,743.0,28.4,47.8,19.3
512,23.5,27.4,2.44,122.0,15.0,18.1,28.4,294.0,3.82,19.5,155.0
513,12.3,6.38,7.37,111.0,18.6,3.11,18.8,496.0,14.2,34.0,13.5
514,15.8,10.5,12.6,18.9,14.2,17.5,32.5,316.0,31.1,46.6,19.6
515,21.1,25.3,11.4,109.0,22.3,20.2,31.9,385.0,17.2,29.4,11.7
516,12.7,10.2,11.5,130.0,28.6,20.0,25.7,359.0,6.21,29.4,27.1
517,15.0,13.2,26.2,28.1,13.5,11.2,44.1,2035.0,7.17,17.2,12.6
518,69.2,28.6,4.57,389.0,45.3,1.81,14.5,204.0,22.7,38.2,10.4
519,9.65,3.05,31.3,106.0,40.0,28.1,46.1,470.0,15.8,20.7,7.91
520,43.7,21.5,12.2,53.3,59.9,6.79,15.3,362.0,29.4,52.8,38.9
521,32.2,21.5,5.88,136.0,18.3,96.5,175.0,578.0,3.34,23.3,83.5
522,37.9,12.3,11.2,57.3,10.6,16.7,46.6,1611.0,15.3,39.2,23.1
523,48.3,33.7,15.7,11.3,28.1,7.5,32.5,1310.0,11.2,27.9,20.9
524,33.1,17.3,5.99,93.9,26.4,11.5,41.8,692.0,4.57,18.4,3.02
525,45.7,28.9,12.1,13.7,40.3,5.88,13.3,403.0,23.7,43.3,8.28
526,22.1,5.78,30.5,17.3,7.3,7.1,19.5,418.0,28.4,57.8,20.2
527,40.0,16.0,10.2,18.9,31.3,5.19,17.2,922.0,25.0,59.9,35.9
528,31.1,20.2,8.74,11.3,67.9,42.6,54.2,343.0,2.44,6.92,73.7
529,97.3,36.5,21.7,57.3,4.18,4.74,40.7,505.0,16.1,31.6,14.9
530,31.9,23.9,7.57,40.3,19.1,56.2,93.9,1625.0,10.7,18.4,10.3
531,38.2,13.9,30.8,211.0,92.2,14.1,17.5,547.0,17.5,39.6,16.7
532,51.4,25.7,7.91,23.3,24.1,7.04,14.9,470.0,42.6,58.3,2.97
533,56.2,19.8,9.14,17.2,10.6,16.8,71.7,1894.0,12.0,23.5,16.3
534,75.0,26.4,25.0,163.0,35.5,19.6,30.0,250.0,15.8,28.9,12.4
535,55.7,23.9,8.06,16.7,25.7,16.4,21.7,573.0,35.2,63.2,17.8
536,50.9,31.6,11.1,8.28,21.3,1.22,14.2,604.0,1.19,63.8,7.5
537,83.5,26.9,13.7,52.3,46.6,18.3,22.9,292.0,19.3,47.0,20.4
538,67.9,28.4,18.4,255.0,40.7,119.0,173.0,621.0,6.44,13.1,77.0
539,57.3,26.7,14.6,109.0,21.5,1.89,9.56,396.0,19.6,39.6,16.8
540,34.9,54.7,11.8,105.0,18.4,19.6,77.0,163.0,8.9,31.9,33.7
541,66.7,24.8,16.7,19.1,18.9,30.8,61.0,1252.0,18.8,36.5,25.9
542,39.6,45.3,21.3,110.0,38.5,10.1,30.5,685.0,18.8,34.6,22.3
543,47.4,27.9,7.04,25.7,39.6,5.0,16.7,319.0,10.3,27.1,5.78
544,40.7,22.3,14.9,38.5,7.04,6.38,29.7,19.6,32.2,64.9,51.9
545,52.3,25.0,15.3,29.4,9.31,17.6,17.9,316.0,15.4,41.0,146.0
546,18.9,15.0,10.6,172.0,21.5,21.9,28.4,372.0,1.39,50.0,6.32
547,41.0,23.1,20.9,11.8,8.9,21.3,37.2,784.0,3.19,21.9,65.5
548,47.0,33.7,22.9,33.7,20.7,18.6,35.5,267.0,12.9,34.6,13.7
549,33.1,19.3,9.39,18.4,33.1,27.6,30.2,407.0,9.56,16.0,9.91
550,20.2,15.5,8.2,150.0,40.3,16.3,33.4,331.0,3.65,11.5,83.5
551,75.0,32.2,24.6,20.5,16.0,21.3,25.5,284.0,27.6,47.8,30.2
552,25.0,10.7,9.73,27.1,15.4,11.0,19.1,302.0,3.13,18.4,71.0
553,5.57,13.0,14.6,112.0,32.8,16.4,27.4,528.0,2.21,24.1,69.2
554,21.5,9.73,14.5,91.4,17.8,2.71,16.8,552.0,6.1,19.3,6.92
555,53.3,22.5,17.6,15.5,9.91,21.3,34.3,313.0,23.1,38.9,16.7
556,59.9,26.9,20.4,196.0,69.8,18.6,49.6,947.0,4.57,18.8,133.0
557,54.2,23.3,9.22,26.7,49.1,17.5,33.4,478.0,10.9,25.0,5.28
558,90.6,38.9,15.7,33.4,16.7,25.7,34.6,359.0,3.34,19.3,97.3
559,73.0,30.2,44.9,349.0,130.0,13.8,22.9,359.0,11.0,29.7,114.0
560,38.9,14.9,24.1,82.8,17.2,21.5,21.5,271.0,13.6,31.9,14.7
561,21.5,12.7,27.6,53.3,53.3,25.3,44.9,325.0,19.3,25.3,9.65
562,64.9,46.6,26.2,21.9,14.1,24.1,31.1,375.0,12.1,27.1,7.99
563,27.1,18.1,15.7,40.7,16.1,21.3,39.6,264.0,15.8,28.9,11.1
564,57.8,27.4,6.61,14.7,18.1,28.1,32.5,349.0,10.3,26.7,9.73
565,39.2,13.2,35.2,26.4,59.4,45.3,72.3,813.0,12.1,27.6,10.2
566,40.7,24.8,15.8,6.67,45.3,13.7,30.5,461.0,15.0,22.1,48.7
567,31.6,17.5,8.9,196.0,20.5,6.61,13.2,365.0,17.5,23.1,20.5
568,88.2,39.6,27.9,89.8,35.9,6.21,24.1,698.0,40.7,73.7,45.7
569,99.1,53.3,17.2,101.0,26.7,38.5,70.4,552.0,2.48,7.91,89.0
570,91.4,18.3,21.5,28.4,4.66,29.2,55.2,588.0,29.4,77.0,200.0
571,50.0,28.1,12.3,117.0,16.3,27.6,40.0,223.0,5.94,24.4,103.0
572,47.0,30.2,22.3,37.5,18.3,2.11,14.1,23.9,2.21,22.7,80.6
573,53.8,22.1,15.8,11.4,10.8,11.7,34.9,193.0,3.34,14.5,77.0
574,32.2,17.6,16.4,88.2,37.2,9.56,22.5,557.0,16.1,31.1,18.4
575,66.7,44.1,14.5,15.4,8.13,15.4,34.0,392.0,22.7,37.9,17.9
576,40.3,14.6,12.2,64.4,20.7,19.1,29.2,382.0,22.1,36.2,17.8
577,14.3,8.43,11.2,15.4,55.2,9.47,33.4,1104.0,26.9,44.1,13.6
578,57.3,35.5,15.3,21.7,20.2,19.5,38.5,396.0,2.62,27.9,8.9
579,2.97,7.23,14.2,73.7,6.85,17.5,25.5,195.0,1.76,8.43,75.0
580,13.1,1.53,34.0,66.7,11.1,12.6,24.6,355.0,1.53,19.3,75.7
581,95.6,33.1,22.7,47.4,12.9,34.3,44.5,237.0,5.67,16.0,82.8
582,36.5,19.3,18.4,16.3,33.7,13.2,106.0,400.0,17.0,35.9,13.5
583,91.4,26.2,22.9,43.3,27.1,20.2,36.2,328.0,12.2,22.9,3.02
584,70.4,41.4,18.3,83.5,14.5,43.7,77.7,1219.0,11.9,22.7,15.8
585,73.7,29.4,27.1,188.0,74.3,13.2,32.2,259.0,20.9,35.9,9.14
586,142.0,107.0,45.7,138.0,75.0,26.4,45.7,403.0,14.6,21.7,11.9
587,34.0,13.3,33.7,271.0,71.0,4.41,39.2,982.0,20.7,28.9,9.65
588,82.8,35.2,25.5,92.2,64.4,7.99,26.9,632.0,14.5,25.0,11.8
589,53.8,23.9,14.1,70.4,4.07,9.22,10.5,334.0,6.04,12.9,75.7
590,62.6,43.3,26.7,170.0,28.4,3.75,10.6,389.0,11.2,18.9,10.9
591,42.6,22.7,14.3,204.0,33.7,56.2,87.4,578.0,5.62,22.3,102.0
592,25.9,11.7,23.7,32.2,24.1,16.7,42.9,483.0,4.18,19.3,40.3
593,50.5,32.2,42.2,47.4,28.4,27.4,46.1,470.0,5.28,13.2,36.2
594,8.66,5.38,8.28,102.0,15.4,19.5,18.1,407.0,11.2,28.1,163.0
595,31.9,22.1,20.9,145.0,26.2,12.7,20.7,334.0,15.7,35.2,12.0
596,31.9,22.5,15.7,32.5,26.9,7.43,25.9,655.0,17.9,44.1,14.7
597,43.3,21.7,21.7,16.0,22.5,2.81,12.3,757.0,8.35,26.4,13.0
598,56.2,34.9,25.9,6.21,1.0,19.6,37.9,352.0,1.0,3.82,5.14
599,47.8,34.9,13.5,21.7,13.9,9.56,19.1,483.0,1.55,25.3,87.4
600,14.3,22.3,10.0,31.6,29.4,5.52,21.9,334.0,14.2,26.4,10.3
601,31.6,23.5,31.3,14.5,14.1,10.3,16.8,478.0,5.09,12.1,50.5
602,58.8,19.1,19.6,100.0,19.8,9.65,45.7,939.0,2.09,13.9,61.0
603,34.0,20.2,16.0,37.9,16.3,16.3,25.0,264.0,11.0,27.4,36.8
604,37.9,32.8,31.6,131.0,16.4,44.9,73.7,308.0,1.63,21.5,95.6
605,31.6,21.7,26.7,51.4,18.6,14.7,49.6,1186.0,26.2,58.3,19.5
606,102.0,50.0,42.2,78.4,32.8,17.0,57.3,1114.0,6.32,18.1,101.0
607,25.3,14.5,28.9,65.5,37.9,47.4,66.1,264.0,18.3,35.9,5.14
608,14.7,44.9,29.2,276.0,76.4,45.7,65.5,403.0,27.1,49.6,21.1
609,41.4,20.7,12.1,18.3,14.9,7.84,21.5,1155.0,6.32,16.4,9.31
610,20.7,8.98,19.1,39.6,26.9,14.6,23.5,368.0,19.5,38.5,14.3
611,15.5,26.2,19.6,20.2,11.3,8.74,28.4,407.0,8.58,21.3,34.6
612,56.2,34.9,17.0,20.0,15.0,7.3,22.7,973.0,3.08,15.3,60.4
613,23.5,23.9,12.7,21.1,32.5,15.8,31.6,271.0,5.94,19.5,18.3
614,73.7,14.1,50.5,82.0,23.9,25.3,47.4,1134.0,20.2,23.1,8.9
615,55.2,20.7,21.7,27.4,12.5,14.5,41.4,1407.0,22.3,28.1,21.5
616,32.2,21.3,17.9,89.8,27.1,4.14,17.8,372.0,43.7,59.9,19.5
617,65.5,38.5,20.4,133.0,37.2,59.9,110.0,1358.0,2.74,13.9,98.2
618,28.6,47.4,17.8,66.7,27.9,12.4,20.2,414.0,16.7,31.1,11.2
619,28.9,16.5,20.2,23.7,4.14,4.7,18.9,7.43,1.68,91.4,3.55
620,25.5,15.8,13.7,300.0,42.9,16.0,27.4,284.0,19.5,34.9,20.5
621,37.2,25.3,17.5,82.0,24.6,7.77,16.8,426.0,16.5,26.7,6.79
622,79.9,28.6,2.67,300.0,40.3,29.2,52.8,626.0,7.7,25.7,189.0
623,43.3,15.5,1.06,202.0,24.6,20.2,30.5,379.0,12.1,24.6,16.3
624,36.2,20.7,23.9,20.0,11.0,10.6,21.3,453.0,4.0,9.91,54.7
625,77.7,40.0,18.9,22.7,14.2,10.9,39.2,362.0,4.07,21.5,136.0
626,89.0,24.4,37.2,35.5,10.8,9.73,11.3,337.0,12.5,25.9,8.13
627,114.0,26.7,9.47,124.0,24.4,13.0,20.5,284.0,3.4,13.9,1.0
628,63.8,22.1,5.78,8.74,14.2,17.6,31.3,362.0,5.83,21.9,34.9
629,37.2,11.1,23.5,100.0,26.7,15.7,73.7,519.0,30.5,82.8,19.1
630,75.0,44.5,24.1,11.8,20.7,6.67,14.5,422.0,24.8,35.2,6.61
631,68.5,21.9,12.7,95.6,32.2,8.51,15.8,343.0,25.7,56.7,21.5
632,23.1,12.1,25.3,36.5,17.0,14.1,29.4,392.0,15.7,26.4,16.5
633,55.2,32.8,16.3,16.4,25.7,24.1,49.1,806.0,6.32,11.7,54.7
634,12.6,8.06,4.91,19.5,69.8,8.28,23.5,542.0,11.0,29.7,89.8
635,102.0,79.9,15.4,17.0,5.23,5.33,11.1,422.0,7.57,42.2,149.0
636,79.9,28.9,25.7,24.6,10.4,24.1,29.7,274.0,10.3,16.1,67.9
637,83.5,31.1,22.5,67.3,28.6,12.0,25.3,178.0,33.1,66.1,34.9
638,80.6,40.7,16.8,14.2,4.1,20.2,33.4,239.0,3.96,7.17,82.0
639,58.3,46.1,19.6,153.0,18.6,4.57,1.7,113.0,106.0,153.0,34.3
640,61.0,27.9,32.8,52.8,11.2,12.9,30.5,271.0,12.2,19.3,9.47
641,50.9,15.0,16.5,17.5,5.42,44.1,82.8,1176.0,8.43,21.9,15.4
642,15.3,16.7,21.9,106.0,40.0,9.47,22.5,429.0,33.1,51.4,17.8
643,49.1,24.6,10.1,145.0,14.3,12.3,24.4,453.0,26.2,37.9,17.6
644,42.9,24.6,24.8,59.4,20.7,22.5,41.8,407.0,21.1,44.9,18.8
645,57.3,30.8,48.7,9.73,64.4,15.5,27.4,523.0,7.84,24.1,92.2
646,14.5,40.7,19.6,426.0,73.0,15.3,33.1,334.0,3.02,20.0,79.1
647,89.8,19.3,16.5,15.8,1.3,43.7,79.9,1731.0,12.1,24.6,8.74
648,58.8,17.6,24.8,179.0,61.5,17.3,69.2,717.0,2.04,30.5,86.6
649,139.0,110.0,23.5,496.0,84.3,20.7,40.7,410.0,20.2,40.0,19.3
650,36.5,18.4,3.25,9.73,38.9,4.22,13.0,241.0,16.3,36.5,20.9
651,18.8,19.5,25.9,322.0,51.9,10.5,23.1,365.0,3.79,10.9,73.7
652,35.9,15.1,10.8,85.8,21.3,10.1,23.7,414.0,21.9,53.8,27.1
653,36.8,19.6,22.3,106.0,27.1,11.5,21.5,294.0,2.02,11.1,86.6
654,62.6,27.6,77.0,53.8,16.0,7.77,14.1,331.0,18.6,39.6,12.9
655,52.8,28.4,16.3,108.0,44.9,16.4,30.8,213.0,18.9,32.2,19.5
656,51.9,24.4,23.3,124.0,41.0,10.8,20.7,331.0,27.9,61.0,32.8
657,8.43,19.8,18.9,139.0,49.6,15.7,26.7,294.0,1.0,101.0,6.21
658,37.2,16.7,14.7,81.3,13.3,9.39,24.8,328.0,24.8,41.4,32.8
659,69.2,37.2,21.3,40.0,21.5,13.6,28.1,359.0,12.2,26.4,59.4
660,24.6,16.0,23.7,392.0,113.0,16.8,29.2,355.0,12.0,47.0,191.0
661,42.9,20.5,18.4,64.9,42.9,4.03,11.1,400.0,29.2,37.9,15.4
662,84.3,18.6,17.2,25.0,9.56,5.99,13.0,311.0,21.9,36.8,13.7
663,48.3,36.8,28.9,36.2,12.7,29.7,44.1,257.0,16.3,27.4,10.8
664,31.1,12.6,3.96,13.2,47.0,27.4,41.0,346.0,2.53,12.5,82.8
665,37.5,31.1,22.1,27.9,27.9,18.8,37.2,573.0,1.88,33.1,54.7
666,27.6,20.2,14.5,122.0,26.9,8.35,12.1,418.0,19.6,35.9,22.5
667,37.9,13.7,6.32,12.7,48.3,54.2,78.4,1230.0,8.13,18.8,10.6
668,150.0,55.7,39.6,70.4,85.1,51.9,88.2,649.0,23.1,42.2,20.4
669,51.4,22.5,15.4,21.7,14.3,16.8,32.8,365.0,9.31,14.9,41.8
670,38.5,19.1,22.1,23.1,5.94,29.4,33.7,271.0,30.5,58.8,59.4
671,63.2,37.2,37.9,81.3,39.2,316.0,621.0,1472.0,18.1,30.8,9.73
672,26.9,19.8,25.0,20.0,7.1,13.1,30.2,851.0,5.94,30.0,239.0
673,26.9,14.7,8.9,85.8,8.58,9.39,19.8,505.0,20.5,39.2,25.7
674,61.0,17.3,32.5,34.9,26.7,20.7,126.0,150.0,12.5,52.8,264.0
675,51.9,23.5,37.2,54.7,2.5,22.5,37.2,300.0,33.7,55.2,38.2
676,34.6,14.5,17.0,100.0,15.8,22.1,26.7,204.0,23.3,48.7,47.8
677,97.3,28.4,30.5,44.9,12.5,15.5,26.4,267.0,7.84,54.7,343.0
678,6.26,21.1,1.0,137.0,4.29,6.15,15.5,1446.0,11.3,18.9,9.91
679,17.5,36.2,4.26,429.0,40.3,10.3,39.6,85.1,23.3,66.1,12.1
680,2.74,3.96,38.2,37.9,9.56,47.0,71.7,1144.0,25.9,50.5,113.0
681,48.3,28.6,26.7,84.3,29.7,5.67,16.5,491.0,5.38,38.5,121.0
682,53.8,38.5,20.0,14.2,9.73,8.06,15.8,407.0,17.2,26.4,19.3
683,62.1,20.7,14.7,14.5,8.13,9.31,24.8,414.0,3.49,33.7,204.0
684,61.5,26.2,4.96,92.2,24.8,18.4,20.0,599.0,11.5,18.4,6.55
685,62.6,37.5,61.0,155.0,21.7,12.9,14.1,375.0,23.1,47.0,26.2
686,103.0,37.9,10.6,47.0,8.98,17.0,32.8,255.0,2.69,44.5,1.95
687,40.7,9.39,23.1,18.6,2.44,6.44,19.5,331.0,8.58,20.0,7.99
688,107.0,27.9,11.0,141.0,31.9,14.2,27.4,337.0,11.2,24.6,10.4
689,106.0,55.2,18.4,16.5,10.4,19.1,30.0,286.0,4.26,15.7,71.7
690,41.0,28.4,20.7,13.8,17.3,15.7,90.6,991.0,26.7,43.3,23.5
691,18.9,11.0,14.2,8.66,34.6,153.0,239.0,704.0,32.5,41.4,13.9
692,35.2,23.5,25.5,22.3,4.03,9.47,12.9,331.0,13.6,36.2,10.1
693,39.6,17.3,13.8,111.0,51.4,12.2,18.1,400.0,2.15,93.9,3.37
694,17.0,6.73,7.23,55.7,8.2,3.59,29.2,649.0,19.5,39.6,7.37
695,92.2,31.3,9.82,36.2,88.2,5.88,12.1,382.0,8.06,20.5,7.3
696,25.5,18.9,16.7,28.9,4.83,8.43,13.6,661.0,15.8,37.9,18.4
697,63.8,28.6,20.5,19.3,6.98,20.9,26.7,382.0,11.1,22.7,30.0
698,22.5,44.5,12.7,157.0,12.1,22.7,27.1,445.0,17.9,40.0,12.7
699,38.9,14.3,18.9,167.0,36.5,5.23,5.19,519.0,15.7,24.6,23.5
700,20.5,6.79,17.8,164.0,47.8,13.2,20.5,547.0,15.1,35.2,12.9
701,89.8,40.7,21.9,16.0,24.1,23.3,51.9,1084.0,4.41,12.3,60.4
702,109.0,69.2,13.6,77.0,5.52,75.7,107.0,562.0,19.3,35.9,30.2
703,62.1,25.0,59.4,109.0,31.6,31.1,52.3,947.0,28.4,49.1,5.67
704,37.5,19.5,21.9,93.9,31.9,15.8,25.7,352.0,27.4,34.3,17.8
705,64.4,22.3,36.5,359.0,62.6,11.8,21.7,461.0,13.3,20.9,10.8
706,30.0,24.8,16.7,79.1,42.2,16.8,33.1,1346.0,12.0,30.5,16.8
707,35.2,16.1,36.8,47.4,10.5,10.3,14.3,1046.0,36.8,98.2,62.1
708,60.4,15.5,13.6,70.4,40.3,8.43,21.3,250.0,23.7,40.0,29.7
709,34.9,31.6,21.9,246.0,78.4,10.6,34.6,461.0,37.2,59.4,32.5
710,47.4,34.6,7.04,33.7,37.5,7.37,10.9,407.0,31.3,50.9,33.1
711,18.1,29.2,17.6,40.3,38.5,12.3,16.8,461.0,6.85,11.5,29.7
712,52.3,32.5,12.4,50.9,22.3,18.1,32.8,352.0,8.06,28.9,4.83
713,66.1,24.6,38.5,123.0,37.9,13.1,22.3,365.0,11.4,39.6,92.2
714,18.6,29.2,13.5,17.0,13.7,17.9,21.1,346.0,11.0,23.5,15.3
715,38.9,23.3,12.4,27.9,48.3,2.19,12.6,63.8,8.66,21.7,26.9
716,92.2,16.7,5.62,7.43,27.6,55.2,76.4,784.0,16.0,28.6,8.2
717,139.0,56.7,51.9,41.0,47.8,17.9,43.3,1155.0,11.4,31.1,34.3
718,92.2,36.5,3.75,113.0,17.6,24.8,32.2,319.0,3.85,18.1,23.5
719,78.4,30.5,19.3,89.8,33.4,4.22,31.9,813.0,1.58,18.8,54.7
720,23.9,23.7,28.4,30.0,7.43,16.8,33.7,223.0,4.26,41.8,136.0
721,92.2,30.8,20.2,21.5,6.1,26.9,51.9,1526.0,1.78,22.5,84.3
722,35.9,28.1,12.1,135.0,25.9,6.26,12.6,429.0,17.6,27.6,11.2
723,64.4,18.1,23.7,16.4,3.37,16.3,34.0,355.0,9.91,20.9,6.32
724,82.0,28.1,13.2,79.9,33.4,8.43,17.8,594.0,29.7,47.8,83.5
725,55.2,20.4,25.5,15.7,16.4,23.3,34.0,319.0,11.1,27.4,4.37
726,39.2,26.2,22.5,105.0,22.7,15.4,24.8,382.0,33.1,89.8,30.0
727,66.1,33.4,48.7,55.2,17.8,11.0,28.1,679.0,11.5,23.3,26.4
728,62.6,23.9,24.8,35.5,8.28,9.82,27.1,441.0,9.73,27.4,53.8
729,53.8,15.0,12.9,67.9,7.17,22.3,38.5,292.0,1.47,9.39,71.0
730,17.5,15.5,25.9,26.4,14.6,15.4,36.5,217.0,35.5,77.0,20.0
731,53.3,24.1,7.57,86.6,20.0,23.7,45.7,1027.0,10.7,20.7,10.2
732,33.1,17.0,9.82,26.7,44.1,15.8,25.3,583.0,17.8,39.6,21.5
733,71.7,25.9,24.8,104.0,37.5,20.5,35.5,308.0,23.3,46.1,31.6
734,29.4,16.7,18.9,95.6,34.6,13.6,22.5,322.0,24.1,34.3,12.9
735,62.1,24.4,8.43,7.5,15.5,8.43,21.3,429.0,24.6,37.5,24.1
736,48.7,20.7,15.7,77.7,23.5,12.3,36.8,679.0,1.0,85.1,9.47
737,50.9,18.4,49.6,52.8,23.5,8.9,18.1,491.0,18.4,39.2,12.5
738,13.0,4.37,11.9,41.0,17.9,7.23,31.1,1486.0,18.8,46.1,20.0
739,50.5,25.7,24.1,17.6,15.5,9.65,20.5,418.0,4.18,40.7,68.5
740,38.5,15.8,15.3,47.8,61.5,20.2,25.5,274.0,10.0,32.8,14.2
741,42.2,44.1,7.99,85.8,20.0,28.9,54.7,441.0,24.4,34.6,8.82
742,104.0,32.8,30.5,97.3,25.9,21.5,35.5,349.0,15.3,27.1,15.1
743,110.0,53.8,25.0,85.1,31.3,27.1,42.2,267.0,4.61,47.0,33.7
744,34.0,26.9,17.8,80.6,18.6,24.6,31.9,269.0,18.6,40.7,14.6
745,91.4,39.2,15.0,16.0,38.5,6.79,21.1,466.0,22.9,36.5,17.0
746,35.5,37.5,4.03,21.9,13.7,4.87,17.3,523.0,3.55,16.5,69.8
747,55.2,14.1,28.4,115.0,37.5,33.1,76.4,1346.0,14.5,26.9,9.22
748,37.5,16.4,18.6,41.0,5.19,2571.0,3555.0,4491.0,14.6,36.2,24.4
749,42.2,22.9,26.7,28.6,4.78,16.4,25.9,392.0,28.9,38.5,21.1
750,49.1,35.2,24.6,115.0,10.8,42.2,71.0,704.0,2.41,19.1,105.0
751,67.9,25.9,17.6,16.0,19.3,9.47,32.2,704.0,30.5,55.7,40.0
752,59.4,39.6,18.9,14.1,16.0,7.3,23.3,168.0,31.3,50.5,20.2
753,34.3,21.9,25.5,64.9,27.4,10.5,31.6,300.0,8.06,21.3,5.99
754,164.0,41.0,70.4,193.0,65.5,41.4,49.6,331.0,24.4,41.0,12.3
755,36.5,8.82,24.1,12.9,4.53,16.4,26.4,155.0,25.9,40.7,19.1
756,48.7,32.8,1.0,118.0,10.3,1.54,14.3,610.0,2.69,35.5,58.8
757,76.4,32.2,22.5,89.0,16.1,11.4,22.5,478.0,10.7,20.4,3.49
758,25.7,20.5,28.4,85.8,26.4,47.0,86.6,470.0,21.9,36.8,14.5
759,12.0,13.7,19.5,15.7,13.2,65.5,111.0,2091.0,1.0,98.2,4.74
760,112.0,18.8,19.1,41.0,6.38,10.9,30.0,441.0,16.5,27.9,15.0
761,82.0,55.7,26.9,96.5,13.3,5.42,12.5,449.0,5.99,15.8,1.0
762,47.0,18.1,16.3,26.4,8.98,19.3,36.2,528.0,30.5,40.7,10.9
763,59.9,21.7,26.2,79.1,20.5,19.6,31.1,250.0,20.7,26.4,12.4
764,31.1,12.2,3.82,25.9,33.1,6.73,9.56,343.0,39.6,80.6,39.2
765,37.5,20.0,3.89,7.57,14.3,20.9,39.2,302.0,10.8,28.1,7.57
766,55.7,16.8,49.6,37.2,18.3,16.0,24.6,297.0,19.1,33.1,31.1
767,8.43,17.8,27.9,103.0,35.5,8.51,19.6,289.0,11.1,28.6,16.3
768,59.4,18.8,13.0,33.4,44.5,24.6,55.7,1512.0,34.3,76.4,34.0
769,69.8,30.5,33.1,117.0,55.7,10.6,28.1,806.0,2.5,23.5,57.8
770,40.3,15.5,15.0,63.8,29.4,26.4,43.7,649.0,11.2,26.2,10.4
771,38.9,9.82,32.8,47.4,66.1,14.6,28.9,300.0,11.3,20.9,4.03
772,31.3,23.5,31.3,155.0,41.4,6.49,14.2,449.0,15.4,25.9,16.1
773,72.3,17.2,24.4,24.8,17.6,7.17,37.5,63.2,2.71,21.1,97.3
774,48.3,15.5,16.8,167.0,36.2,11.5,18.6,414.0,12.4,14.9,13.8
775,18.6,10.3,63.2,51.4,24.8,7.84,13.9,505.0,5.78,13.9,71.7
776,54.2,13.7,20.0,14.2,25.9,5.28,14.5,34.0,10.2,25.5,9.06
777,33.4,13.6,107.0,176.0,59.9,26.4,34.0,284.0,1.37,18.9,63.2
778,37.2,16.4,6.1,7.99,12.6,26.4,59.4,1208.0,14.5,22.1,2.27
779,43.3,16.4,17.6,24.6,7.3,22.5,25.0,319.0,4.1,24.1,5.33
780,64.9,32.2,7.99,34.3,3.79,3.65,12.2,119.0,21.1,36.8,22.9
781,78.4,38.2,11.7,149.0,21.9,17.5,32.5,286.0,24.4,45.7,34.6
782,38.2,13.5,18.6,30.2,12.7,10.8,20.5,375.0,4.57,40.7,79.1
783,20.5,15.0,13.9,135.0,34.9,2.71,27.6,638.0,18.6,38.2,13.9
784,54.2,46.1,24.6,19.6,22.1,18.6,37.5,346.0,24.1,42.6,32.5
785,45.3,18.8,16.4,30.8,4.37,18.3,32.2,316.0,8.2,23.3,24.6
786,41.0,21.3,16.1,20.4,10.1,71.7,132.0,599.0,37.9,54.7,22.3
787,46.1,27.9,13.9,17.0,15.5,17.5,39.6,311.0,8.66,24.4,1.64
788,22.3,20.9,6.61,33.1,9.56,6.61,14.9,505.0,12.7,29.4,12.2
789,14.2,12.3,18.1,73.7,28.4,6.61,13.6,322.0,2.79,8.82,39.2
790,47.8,30.2,14.6,83.5,58.8,9.22,39.6,737.0,28.6,42.2,22.1
791,33.7,11.1,23.9,17.8,8.13,9.65,21.5,519.0,43.7,89.0,22.9
792,72.3,26.2,4.03,19.5,46.1,4.57,17.2,655.0,12.6,27.9,18.4
793,50.9,22.7,17.5,118.0,24.4,21.7,32.2,319.0,7.43,24.4,66.7
794,126.0,58.8,167.0,331.0,118.0,9.22,22.5,183.0,4.49,25.9,95.6
795,35.2,17.2,26.7,59.4,13.2,4.83,43.7,777.0,34.3,45.3,16.3
796,26.4,16.0,17.5,18.4,11.7,8.43,17.3,441.0,8.43,25.7,107.0
797,69.8,44.5,16.4,188.0,34.9,42.9,66.7,1114.0,19.1,48.3,25.3
798,24.1,17.2,17.6,88.2,15.0,12.6,29.4,284.0,18.3,38.9,12.7
799,4.87,14.5,10.8,195.0,38.9,20.5,39.6,176.0,11.0,22.5,5.88
800,56.7,24.1,8.35,20.5,31.6,7.5,21.9,461.0,4.29,13.2,62.1
801,15.4,26.4,16.4,55.7,15.3,15.4,25.0,457.0,7.7,19.3,14.2
802,46.1,23.5,10.4,73.7,12.5,5.42,14.2,519.0,17.0,26.4,18.4
803,41.0,18.1,18.3,79.1,15.4,17.5,28.1,365.0,22.7,34.6,11.2
804,41.4,30.5,14.2,126.0,27.6,20.4,43.7,300.0,14.2,24.8,22.9
805,65.5,33.7,12.2,14.5,10.2,14.2,28.4,229.0,5.42,30.0,94.7
806,60.4,34.0,1.0,491.0,42.9,41.4,71.0,638.0,28.4,42.6,17.6
807,77.0,20.7,65.5,56.2,33.7,20.9,35.5,414.0,3.02,14.2,62.6
808,63.8,23.7,1.0,118.0,10.9,51.4,100.0,1334.0,22.9,54.7,17.8
809,104.0,38.2,28.1,27.6,86.6,14.3,23.5,474.0,24.8,27.6,9.73
810,70.4,38.9,36.5,62.1,19.3,24.4,42.2,349.0,4.03,10.9,18.8
811,77.7,79.1,24.1,21.3,17.0,14.9,25.3,279.0,18.8,42.2,20.7
812,78.4,28.6,16.5,150.0,53.3,12.4,26.2,496.0,33.4,74.3,29.7
813,19.8,36.5,21.1,28.1,14.3,18.6,39.6,274.0,27.1,38.2,6.61
814,56.2,26.9,20.5,21.5,10.7,24.4,37.9,316.0,3.89,14.7,77.0
815,322.0,231.0,15.0,441.0,63.2,46.6,72.3,269.0,51.9,92.2,79.1
816,46.6,21.3,17.5,56.7,35.9,46.1,75.0,359.0,25.9,39.6,16.4
817,33.4,20.5,24.8,18.8,20.0,18.8,45.3,743.0,14.9,26.2,14.2
818,93.1,33.4,12.6,77.7,26.7,31.9,40.7,294.0,28.4,66.1,41.8
819,111.0,49.1,15.7,11.9,25.3,12.7,25.3,259.0,3.43,12.3,62.6
820,33.4,17.0,30.8,47.0,64.4,3.62,18.4,437.0,27.4,35.5,20.0
821,33.1,28.9,26.7,22.9,4.66,18.9,41.8,509.0,13.3,21.3,11.4
822,50.0,15.7,34.0,59.4,85.8,15.4,29.4,449.0,13.1,34.9,73.0
823,52.8,20.7,18.8,20.4,13.2,1.29,8.58,334.0,20.7,38.2,17.6
824,90.6,33.4,14.2,21.5,63.2,17.3,34.9,372.0,11.7,17.0,12.7
825,86.6,15.8,20.7,104.0,19.5,21.1,31.9,229.0,7.43,38.2,89.0
826,40.3,22.5,16.1,20.2,23.7,7.99,20.5,578.0,22.7,43.3,11.4
827,18.8,10.3,29.2,262.0,61.5,36.5,52.3,305.0,23.1,36.2,15.1
828,13.7,13.9,19.8,20.9,16.1,4.74,15.8,63.2,33.1,36.8,2.13
829,60.4,83.5,17.5,16.5,7.91,5.67,18.8,35.9,1.1,19.1,51.9
830,70.4,23.7,1.72,400.0,47.8,10.8,29.4,523.0,46.1,90.6,59.4
831,27.9,3.62,19.5,25.3,16.4,24.1,39.6,334.0,6.92,15.7,127.0
832,47.8,31.3,15.0,106.0,30.5,23.1,29.2,253.0,1.65,28.6,55.2
833,29.4,25.9,26.4,35.5,6.15,21.3,41.4,626.0,23.3,52.8,29.2
834,86.6,24.4,18.6,17.8,12.6,91.4,173.0,858.0,9.73,20.0,16.7
835,126.0,105.0,23.5,64.4,36.2,7.1,18.4,422.0,16.8,25.7,18.4
836,54.2,26.9,15.4,13.5,3.11,18.4,35.5,319.0,10.6,23.3,15.1
837,34.6,13.8,9.56,200.0,25.3,8.28,17.0,542.0,9.31,10.6,34.0
838,62.1,22.3,16.0,24.1,22.1,11.2,38.5,649.0,8.74,19.3,17.0
839,60.4,22.1,27.6,21.9,10.1,5.47,20.2,939.0,18.4,48.7,168.0
840,84.3,23.1,18.4,61.0,21.3,6.79,32.2,723.0,9.82,28.4,14.1
841,43.3,22.1,10.8,106.0,16.1,7.04,13.2,757.0,5.05,10.7,41.4
842,66.1,28.4,30.8,198.0,30.0,10.1,27.6,426.0,18.1,31.1,10.6
843,25.5,13.2,22.3,12.7,32.5,7.91,31.3,385.0,15.5,30.0,84.3
844,32.8,12.6,12.3,17.8,48.3,28.9,51.4,799.0,10.6,17.3,7.5
845,19.5,49.6,6.1,16.1,28.1,17.3,31.6,649.0,20.9,44.9,16.8
846,46.6,22.1,17.6,27.1,15.4,62.6,99.1,2072.0,19.3,38.2,25.3
847,41.4,11.7,89.0,207.0,52.8,24.8,43.3,410.0,1.76,28.6,82.8
848,42.2,27.6,21.5,67.9,12.3,8.28,15.8,562.0,21.9,29.7,8.28
849,62.1,21.7,9.56,6.49,34.3,15.3,23.1,319.0,11.9,35.5,50.9
850,103.0,32.2,10.2,13.2,50.9,5.28,5.62,239.0,14.5,22.9,5.23
851,77.7,23.7,24.8,60.4,44.5,21.5,25.0,289.0,32.2,83.5,27.1
852,46.6,15.0,8.51,120.0,22.3,6.1,20.0,478.0,20.9,36.8,9.65
